Stock ID,Bloomington Number
IT.0001,62009
IT.0003,62570
IT.0004,62571
IT.0005,62572
IT.0006,62573
IT.0007,62968
IT.0009,
IT.0010,
IT.0011,
IT.0012,62699
IT.0013,62575
IT.0014,62576
IT.0015,62577
IT.0017,
IT.0018,62579
IT.0019,62700
IT.0020,
IT.0022,
IT.0023,
IT.0024,62581
IT.0026,
IT.0027,62582
IT.0028,
IT.0029,62583
IT.0030,
IT.0031,62584
IT.0033,62586
IT.0034,62587
IT.0036,
IT.0037,62588
IT.0038,
IT.0039,62590
IT.0040,
IT.0041,62591
IT.0042,62592
IT.0043,62593
IT.0044,62594
IT.0045,
IT.0046,62595
IT.0047,62596
IT.0048,62597
IT.0049,62598
IT.0051,62600
IT.0052,
IT.0053,
IT.0055,62602
IT.0056,62603
IT.0057,62604
IT.0059,62606
IT.0061,62608
IT.0063,62610
IT.0065,62612
IT.0066,62613
IT.0077,
IT.0084,62627
IT.0100,63245
IT.0101,
IT.0102,
IT.0103,
IT.0104,62639
IT.0105,62640
IT.0106,62641
IT.0107,62642
IT.0108,62643
IT.0109,62644
IT.0110,
IT.0111,
IT.0112,
IT.0113,62645
IT.0114,
IT.0115,62646
IT.0116,
IT.0117,62647
IT.0118,62648
IT.0119,62649
IT.0120,
IT.0121,
IT.0122,
IT.0123,62650
IT.0124,
IT.0125,
IT.0126,
IT.0127,62651
IT.0128,62652
IT.0129,62653
IT.0130,62654
IT.0131,62655
IT.0132,62656
IT.0133,62657
IT.0134,62658
IT.0135,62659
IT.0136,62660
IT.0137,62661
IT.0139,62663
IT.0140,
IT.0141,62664
IT.0142,62665
IT.0144,62667
IT.0145,
IT.0146,62668
IT.0147,
IT.0148,62704
IT.0149,
IT.0150,62669
IT.0151,62670
IT.0152,
IT.0153,62671
IT.0154,62672
IT.0155,62673
IT.0156,62674
IT.0157,62675
IT.0158,
IT.0159,62676
IT.0161,62678
IT.0163,
IT.0165,62679
IT.0166,62680
IT.0167,
IT.0169,
IT.0170,62681
IT.0171,
IT.0172,62682
IT.0173,62683
IT.0174,62707
IT.0175,62684
IT.0176,
IT.0178,
IT.0179,
IT.0180,62685
IT.0182,
IT.0183,
IT.0184,
IT.0185,62687
IT.0186,
IT.0187,
IT.0188,62688
IT.0189,62689
IT.0190,62690
IT.0191,62691
IT.0192,62692
IT.0193,
IT.0194,62693
IT.0195,
IT.0196,
IT.0197,
IT.0198,62708
IT.0199,62694
IT.0200,62695
IT.0201,62709
IT.0202,
IT.0203,
IT.0204,
IT.0205,
IT.0206,62710
IT.0207,
IT.0208,62711
IT.0209,62712
IT.0210,62713
IT.0211,62714
IT.0212,62715
IT.0213,
IT.0214,62716
IT.0215,
IT.0216,
IT.0217,
IT.0218,62717
IT.0219,62718
IT.0220,62719
IT.0221,62720
IT.0222,
IT.0223,
IT.0224,62721
IT.0225,
IT.0226,
IT.0227,
IT.0228,62722
IT.0229,
IT.0230,62723
IT.0231,
IT.0232,
IT.0233,62724
IT.0234,
IT.0235,62725
IT.0236,62726
IT.0237,62727
IT.0238,62728
IT.0239,62729
IT.0240,62730
IT.0241,62731
IT.0242,62732
IT.0243,
IT.0244,62733
IT.0245,62734
IT.0246,62735
IT.0247,
IT.0248,
IT.0249,62736
IT.0250,62737
IT.0251,
IT.0252,62738
IT.0253,
IT.0254,
IT.0255,
IT.0256,
IT.0257,62740
IT.0258,62741
IT.0259,62742
IT.0260,62743
IT.0261,
IT.0262,
IT.0263,
IT.0264,62744
IT.0265,
IT.0266,62745
IT.0268,62746
IT.0271,62749
IT.0272,62750
IT.0273,
IT.0274,62751
IT.0275,
IT.0276,62752
IT.0277,
IT.0278,62753
IT.0280,62754
IT.0281,
IT.0282,62755
IT.0286,
IT.0287,
IT.0289,
IT.0296,
IT.0298,
IT.0299,62765
IT.0300,62766
IT.0301,62767
IT.0302,
IT.0303,62768
IT.0304,62769
IT.0305,62770
IT.0306,
IT.0309,62771
IT.0311,62773
IT.0312,62774
IT.0313,
IT.0314,62775
IT.0315,
IT.0316,62776
IT.0317,
IT.0319,62778
IT.0320,
IT.0321,
IT.0323,62780
IT.0325,62781
IT.0326,
IT.0327,
IT.0329,62782
IT.0330,62783
IT.0334,
IT.0351,
IT.0364,
IT.0366,
IT.0368,
IT.0369,62807
IT.0370,62808
IT.0371,62809
IT.0372,62810
IT.0373,62811
IT.0374,62812
IT.0375,
IT.0376,62813
IT.0377,62814
IT.0378,62815
IT.0379,62816
IT.0380,62817
IT.0381,
IT.0382,
IT.0383,62818
IT.0384,62819
IT.0385,
IT.0386,62820
IT.0387,
IT.0388,62821
IT.0389,62822
IT.0390,
IT.0391,62823
IT.0392,62824
IT.0393,
IT.0395,62825
IT.0396,
IT.0406,63296
IT.0407,
IT.0408,
IT.0409,632967
IT.0410,63298
IT.0411,63299
IT.0412,63300
IT.0413,63301
IT.0414,
IT.0415,63302
IT.0416,
IT.0417,
IT.0418,63303
IT.0419,63304
IT.0420,63305
IT.0421,63306
IT.0422,
IT.0423,63307
IT.0424,63308
IT.0425,
IT.0426,63309
IT.0427,63310
IT.0428,63311
IT.0429,
IT.0430,63312
IT.0431,63313
IT.0432,63314
IT.0434,
IT.0435,
IT.0436,
IT.0437,63315
IT.0438,63316
IT.0439,63317
IT.0441,63319
IT.0442,63320
IT.0443,63321
IT.0444,
IT.0445,63322
IT.0446,63323
IT.0447,63324
IT.0448,
IT.0449,63325
IT.0450,63326
IT.0451,63327
IT.0453,63329
IT.0454,63330
IT.0455,63331
IT.0456,
IT.0457,63332
IT.0458,
IT.0459,
IT.0461,63334
IT.0463,
IT.0464,63336
IT.0465,63337
IT.0466,
IT.0467,63338
IT.0468,63339
IT.0469,63340
IT.0470,63341
IT.0471,63342
IT.0472,63343
IT.0473,
IT.0474,63344
IT.0475,
IT.0476,63345
IT.0477,63346
IT.0478,63347
IT.0479,63348
IT.0480,
IT.0481,63349
IT.0483,
IT.0484,
IT.0485,
IT.0486,
IT.0487,
IT.0489,
IT.0490,63353
IT.0491,63355
IT.0492,63356
IT.0493,
IT.0494,63357
IT.0495,63358
IT.0496,63359
IT.0497,63360
IT.0498,63361
IT.0499,63362
IT.0500,63363
IT.0501,
IT.0502,63364
IT.0503,
IT.0504,63365
IT.0505,
IT.0506,63366
IT.0507,63367
IT.0508,63368
IT.0509,63369
IT.0511,
IT.0512,63371
IT.0513,
IT.0514,63372
IT.0515,
IT.0516,63373
IT.0517,63374
IT.0518,
IT.0519,
IT.0520,63375
IT.0521,63376
IT.0522,
IT.0523,63377
IT.0524,63378
IT.0525,63379
IT.0526,63380
IT.0527,63381
IT.0528,
IT.0529,
IT.0530,63382
IT.0531,63383
IT.0532,63384
IT.0533,63385
IT.0534,63386
IT.0535,63387
IT.0536,
IT.0537,63388
IT.0538,63389
IT.0540,63391
IT.0552,
IT.0568,
IT.0569,
IT.0570,
IT.0571,
IT.0573,
IT.0579,
IT.0580,
IT.0582,
IT.0585,
IT.0588,
IT.0589,
IT.0591,
IT.0595,
IT.0597,
IT.0603,
IT.0604,
IT.0607,
IT.0610,
IT.0616,
IT.0630,
IT.0634,
IT.0637,
IT.0646,
IT.0652,
IT.0662,
IT.0668,
IT.0671,
IT.0677,
IT.0680,
IT.0682,
IT.0686,
IT.0687,
IT.0689,
IT.0700,
IT.0706,
IT.0707,
IT.0708,
IT.0713,
IT.0717,
IT.0719,
IT.0723,
IT.0730,
IT.0732,
IT.0735,
IT.0737,
IT.0738,
IT.0740,
IT.0742,
IT.0746,
IT.0750,
IT.0764,
IT.1100,
IT.1101,
IT.1102,
IT.1103,
IT.1104,
IT.1105,
IT.1106,
IT.1107,
IT.1108,
IT.1109,
IT.1110,
IT.1111,
IT.1112,
IT.1113,
IT.1114,
IT.1115,
IT.1116,
IT.1117,
IT.1118,
IT.1119,
IT.1120,
IT.1121,
IT.1122,
IT.1123,
IT.1124,
IT.1125,
IT.1126,
IT.1127,
IT.1128,
IT.1129,
IT.1130,
IT.1131,
IT.1132,
IT.1133,
IT.1134,
IT.1135,
IT.1136,
IT.1137,
IT.1138,
IT.1139,
IT.1140,
IT.1141,
IT.1142,
IT.1143,
IT.1144,
IT.1145,
IT.1146,
IT.1147,
IT.1148,
IT.1149,
IT.1150,
IT.1153,
IT.1156,
IT.1157,
IT.1158,
IT.1160,
IT.1161,
IT.1162,
IT.1169,
IT.1170,
IT.1171,
IT.1172,
IT.1173,
IT.1174,
IT.1179,
IT.1180,
IT.1181,
IT.1182,
IT.1183,
IT.1184,
IT.1185,
IT.1186,
IT.1187,
IT.1188,
IT.1189,
IT.1190,
IT.1191,
IT.1194,
IT.1196,
IT.1197,
IT.1199,
IT.1200,
IT.1201,
IT.1202,
IT.1203,
IT.1205,
IT.1206,
IT.1207,
IT.1208,
IT.1209,
IT.1210,
IT.1211,
IT.1212,
IT.1216,
IT.1225,
IT.1226,
IT.1227,
IT.1228,
IT.1233,
IT.1235,
IT.1236,
IT.1237,
IT.1238,
IT.1239,
IT.1240,
IT.1241,
IT.1242,
IT.1243,
IT.1244,
IT.1245,
IT.1246,
IT.1247,
IT.1248,
IT.1249,
IT.1250,
IT.1251,
IT.1252,
IT.1253,
IT.1254,
IT.1255,
IT.1256,
IT.1257,
IT.1259,
IT.1260,
IT.1261,
IT.1262,
IT.1263,
IT.1264,
IT.1265,
IT.1266,
IT.1267,
IT.1268,
IT.1269,
IT.1270,
IT.1271,
IT.1272,
IT.1273,
IT.1274,
IT.1275,
IT.1276,
IT.1277,
IT.1278,
IT.1279,
IT.1280,
IT.1281,
IT.1282,
IT.1283,
IT.1284,
IT.1285,
IT.1286,
IT.1287,
IT.1288,
IT.1289,
IT.1290,
IT.1291,
IT.1292,
IT.1296,
IT.1297,
IT.1298,
IT.1299,
IT.1300,
IT.1302,
IT.1303,
IT.1304,
IT.1305,
IT.1306,
IT.1307,
IT.1310,
IT.1311,
IT.1312,
IT.1313,
IT.1314,
IT.1315,
IT.1317,
IT.1320,
IT.1321,
IT.1322,
IT.1323,
IT.1324,
IT.1326,
IT.1327,
IT.1328,
IT.1329,
IT.1331,
IT.1332,
IT.1333,
IT.1334,
IT.1335,
IT.1336,
IT.1337,
IT.1338,
IT.1339,
IT.1340,
IT.1341,
IT.1342,
IT.1343,
IT.1344,
IT.1345,
IT.1346,
IT.1348,
IT.1349,
IT.1350,
IT.1351,
IT.1352,
IT.1353,
IT.1354,
IT.1355,
IT.1356,
IT.1357,
IT.1359,
IT.1360,
IT.1361,
IT.1362,
IT.1363,
IT.1364,
IT.1365,
IT.1366,
IT.1367,
IT.1368,
IT.1369,
IT.1370,
IT.1371,
IT.1372,
IT.1373,
IT.1374,
IT.1375,
IT.1377,
IT.1378,
IT.1379,
IT.1381,
IT.1382,
IT.1383,
IT.1384,
IT.1386,
IT.1387,
IT.1388,
IT.1389,
IT.1390,
IT.1391,
IT.1392,
IT.1393,
IT.1394,
IT.1395,
IT.1396,
IT.1397,
IT.1398,
IT.1399,
IT.1400,
IT.1402,
IT.1403,
IT.1404,
IT.1406,
IT.1407,
IT.1408,
IT.1409,
IT.1410,
IT.1411,
IT.1412,
IT.1413,
IT.1414,
IT.1415,
IT.1416,
IT.1417,
IT.1418,
IT.1419,
IT.1420,
IT.1421,
IT.1422,
IT.1423,
IT.1424,
IT.1460,
IT.2000,
IT.2003,
IT.2005,
IT.2006,
IT.2007,
IT.2009,
IT.2012,
IT.2013,
IT.2014,
IT.2016,
IT.2018,
IT.2020,
IT.2024,
IT.2025,
IT.2043,
IT.2044,
IT.2045,
IT.2047,
IT.2048,
IT.2053,
IT.2055,
IT.2058,
IT.2062,
IT.2065,
IT.2066,
IT.2069,
IT.2082,
IT.2085,
IT.2086,
IT.2090,
IT.2091,
IT.2093,
IT.2094,
IT.4001,
IT.4002,
IT.4003,
IT.4005,
IT.4006,
IT.4007,
IT.4008,
IT.4009,
IT.4010,
IT.4011,
IT.4012,
IT.4013,
IT.4014,
IT.4015,
IT.4016,
IT.4017,
IT.4019,
IT.4020,
IT.4021,
IT.4022,
IT.4023,
IT.4025,
IT.4026,
IT.4035,
IT.4036,
IT.4037,
IT.4039,
IT.4041,
IT.4042,
IT.4044,
IT.4045,
IT.4046,
IT.4047,
IT.4048,
IT.4049,
IT.4050,
IT.4051,
IT.4052,
IT.4053,
IT.4054,
IT.4055,
IT.4056,
IT.4057,
IT.4058,
IT.4059,
IT.4060,
IT.4061,
IT.4062,
IT.4063,
IT.4064,
IT.4065,
IT.4066,
IT.4067,
IT.4068,
IT.4069,
IT.4070,
IT.4071,
IT.4072,
IT.4073,
